1,payment
2,reward
3,transfer
4,discount
5,credit
6,cash
7,currency
8,cryptographic
9,debit
10,annuity
11,digital
12,bitcoin
13,blockchain
14,coinbase
15,cryptocurrency
16,token
17,trade
18,stock
19,equity
20,share
21,arbitrage
22,broker
23,bid
24,shareholder
25,leverage
26,margin
27,yield
28,profitability
29,transactional
30,bond
31,vendor
32,asset
33,funds
34,investment
35,portfolio
36,capitalization
37,valuation
38,hedge
39,crowdfunding
40,lend
41,mortgage
42,loan
43,guarantor
44,beneficiary
45,accountabilities
46,rehypothecation
47,stakeholder
48,insurance
49,agent
50,commission
51,liability
52,renew
53,microinsurance
54,compute
55,decision
56,storage
57,metric
58,correlation
59,dimension
60,normalization
61,report
62,segmentation
63,modelling
64,predictive
65,statistics
66,visualize
67,optimization
68,ai
69,backup
70,query
71,mining
72,consolidation
73,strategy
74,allocation
75,encryption
76,hash
77,breach
78,access
79,authentication
80,authorization
81,proxy
82,threat
83,cybertheft
84,security
85,validation
86,biometric
87,protocol
88,fraud
89,encode
90,ledger
91,automation
92,software
93,agile
94,algorithm
95,code
96,application
97,program
98,prototype
99,framework
100,middleware
101,domain
102,server
